MlsId,MlsName,DateListed,StreetAddress,Price,Desc,Year,Month,Built-In And Free Standing,Built-In BBQ,Built-In Gas,Built-Ins,Cooktop - Gas,Double Oven,Free Standing Gas,Gas,Microwave,Oven,Oven-Gas,Range Hood,RangeOven,Self Cleaning Oven,RoomCount_0,RoomCount_1,RoomCount_2,HalfBathrooms_1,HalfBathrooms_2,HalfBathrooms_3,HalfBathrooms_99,FullBathrooms_1,FullBathrooms_2,FullBathrooms_3,FullBathrooms_4,FullBathrooms_5,FullBathrooms_6,FullBathrooms_7,FullBathrooms_8,Bedrooms_0,Bedrooms_1,Bedrooms_2,Bedrooms_3,Bedrooms_4,Bedrooms_5,Bedrooms_6,Bedrooms_7,Bedrooms_8
316010702,ITECH,2016-11-18 07:45:06,"9378 Wilshire Boulevard, Suite 200",1025000.00,,2016,11,0,0,1,0,0,0,0,0,0,0,0,0,0,0,0,0,1,0,0,0,0,1,0,0,0,0,0,0,0,0,0,0,0,1,0,0,0,0
16181224,CLAW,2016-11-18 00:00:00,"11726 San Vicente Blvd, Suite 350",839000.00,"Meticulously maintained light-filled townhouse in the Altos Arroyo complex is looking for its next owner. Main floor features hardwood flooring throughout, living room with vaulted ceilings and firepl",2016,11,0,0,0,0,0,0,0,0,0,0,0,0,1,0,0,0,1,1,0,0,0,0,1,0,0,0,0,0,0,0,0,1,0,0,0,0,0,0
316010634,ITECH,2016-11-18 00:00:00,"9378 Wilshire Boulevard, Suite 200",785000.00,,2016,11,0,0,0,0,0,0,0,0,0,0,0,1,0,0,0,0,1,0,0,0,0,0,0,1,0,0,0,0,0,0,0,1,0,0,0,0,0,0
16181228,CLAW,2016-11-18 00:00:00,"23410 Civic Center Way, C1",7488000.00,"Located on a quiet street in the desirable San Marino neighborhood, is this charming and cheerful traditional. It boasts 3 beds and 3 baths downstairs, and a private bedroom suite upstairs. Inviting c",2016,11,0,0,0,0,0,0,0,0,0,0,0,0,1,0,0,0,1,1,0,0,0,0,0,0,1,0,0,0,0,0,0,0,0,1,0,0,0,0
16180298,CLAW,2016-11-17 00:00:00,"11726 San Vicente Blvd, Suite 350",1125000.00,Absolutely exquisite Spanish Colonial Revival Estate located in the heart of Flintridge. Former Showcase House magnificently situated on almost 2 flat acres of private park-like grounds with multiple ,2016,11,0,0,0,0,0,0,0,0,0,0,0,0,0,1,0,0,1,0,0,0,0,0,1,0,0,0,0,0,0,0,0,0,1,0,0,0,0,0
316010650,ITECH,2016-11-17 00:00:00,964 Foothill Boulevard,1299000.00,,2016,11,0,0,1,0,0,0,0,0,0,0,0,0,0,0,0,0,1,1,0,0,0,0,0,1,0,0,0,0,0,0,0,0,0,1,0,0,0,0
16180182,CLAW,2016-11-16 00:00:00,"9378 Wilshire Boulevard, Suite 200",1875000.00,"Unbelievable custom home in the hills of La Canada Flintridge! The home sits peacefully on a multi-level 40,000+ square foot lot and is extremely private with beautiful views of the mountains. Enterta",2016,11,0,0,0,0,0,0,0,0,0,0,0,0,1,0,0,0,1,1,0,0,0,0,0,1,0,0,0,0,0,0,0,0,1,0,0,0,0,0
316010536,ITECH,2016-11-14 00:00:00,964 Foothill Boulevard,2600000.00,,2016,11,0,1,0,0,0,0,0,0,0,0,0,0,0,0,0,0,1,0,0,0,0,0,0,0,1,0,0,0,0,0,0,0,0,0,1,0,0,0
16179602,CLAW,2016-11-14 00:00:00,"11726 San Vicente Blvd, Suite 350",3986000.00,"House was taken down to the studs, has no plumbing and no electrical and only sub-flooring in some of the rooms. Single level property in a great neighborhood, located in the gentle hills of Rancho Pa",2016,11,0,0,0,0,0,0,0,0,0,0,0,0,1,0,0,0,1,0,0,0,0,1,0,0,0,0,0,0,0,0,0,0,1,0,0,0,0,0
316010528,ITECH,2016-11-13 00:00:00,964 Foothill Boulevard,569900.00,"A decorator perfect home in Torrance Gardens awaits: enter this 1,611 sq. ft. gem from a welcoming brick front porch, step into the inviting living room with beautiful wood floors, and take your time ",2016,11,0,0,0,0,0,0,0,0,0,1,0,0,0,0,0,0,1,0,0,0,0,0,0,1,0,0,0,0,0,0,0,0,0,1,0,0,0,0
16178844,CLAW,2016-11-11 00:00:00,1730 Ocean Park Blvd,3695000.00,This exquisite corner residence within Los Angeles' most distinguished pre-war building embraces the forgotten elegance of old-world European design while affording the modern comforts of present day ,2016,11,0,0,0,0,0,0,0,0,0,0,0,0,1,0,0,0,1,1,0,0,0,0,1,0,0,0,0,0,0,0,0,0,1,0,0,0,0,0
16178020,CLAW,2016-11-11 00:00:00,"23410 Civic Center Way, C1",1188000.00,"Approved 8-Unit construction project in the NoHo Arts District. The Project is stamped ""Ready-to-Issue"" and ready to go. A stone's throw from everything that the North Hollywood Arts District has to o",2016,11,0,0,0,0,0,0,0,0,0,0,0,0,1,0,0,0,1,0,0,0,0,1,0,0,0,0,0,0,0,0,0,1,0,0,0,0,0,0
16179426,CLAW,2016-11-11 00:00:00,"11726 San Vicente Blvd, Suite 350",749000.00,"Meticulously maintained historic 5-acre horse ranch nestled in the wine country of the Santa Ynez Valley combines exquisite craftsmanship with an artful blend of rustic wood, warm stone, and bronze to",2016,11,1,0,0,0,0,0,0,0,0,0,0,0,0,0,0,0,1,0,0,0,0,0,1,0,0,0,0,0,0,0,0,1,0,0,0,0,0,0
16179532,CLAW,2016-11-11 00:00:00,"9378 Wilshire Boulevard, Suite 200",1100000.00,"Amazing white water, ocean view lot in gated community. Very private road. Multi-Million dollar homes on street. Gorgeous coastline Views. Huge up-side for the right buyer. Per Seller - Home may have ",2016,11,0,0,0,0,0,0,0,0,0,0,0,0,0,0,1,0,0,0,0,0,0,0,0,0,0,0,0,0,0,1,0,0,0,0,0,0,0,0
16179540,CLAW,2016-11-11 00:00:00,"9378 Wilshire Boulevard, Suite 200",1650000.00,"New Construction Point Dume Rental with coveted Beach Rights available immediately. This amazing, designer perfect, super private/secure home comes fully furnished and is available immediately. Book m",2016,11,0,0,0,0,0,0,0,0,0,0,0,0,0,0,1,0,0,0,0,0,0,0,0,0,0,0,0,0,0,1,0,0,0,0,0,0,0,0
316010501,ITECH,2016-11-11 00:00:00,964 Foothill Boulevard,1150000.00,"<p>Location, location, location! Fabulous loft w over 1200 square ft of living space. This loft has top quality brand name fixtures &amp; appliances, w careful attention paid to quality, detailing &am",2016,11,0,0,0,0,0,0,0,0,0,0,0,0,0,0,0,0,1,1,0,0,0,1,0,0,0,0,0,0,0,0,0,0,0,1,0,0,0,0
16178966,CLAW,2016-11-11 00:00:00,1730 Ocean Park Blvd,1795000.00,"Exquisitely renovated multilevel mid century town home 2 + 2.5 end unit with bonus office/nursery. Open floor plan. Spacious kitchen with stainless steel sink, oven and dishwasher. Cozy secluded patio",2016,11,0,0,0,0,0,0,0,0,0,1,0,0,0,0,0,0,1,0,0,0,0,0,1,0,0,0,0,0,0,0,0,1,0,0,0,0,0,0
16179108,CLAW,2016-11-10 00:00:00,"11726 San Vicente Blvd, Suite 350",1749000.00,"Set to awe-inspiring ocean views and soaring sandstone mountain peaks, this striking home, built by world-renowned Architect Ed Niles, affords the rare opportunity to live within the majesty of nature",2016,11,0,0,0,0,0,0,0,0,0,1,0,0,0,0,0,0,1,0,0,0,0,0,0,1,0,0,0,0,0,0,0,0,0,1,0,0,0,0
16174844,CLAW,2016-11-10 00:00:00,"11726 San Vicente Blvd, Suite 350",3295000.00,"From the unprecedented Penthouse Collection of actor, producer, musician and real estate investor Johnny Depp comes this two story, 2 bedroom/3 bath residence featuring 2,400 square feet of vibrantly-",2016,11,0,0,0,1,0,0,0,0,0,0,0,0,0,0,0,0,1,1,0,0,0,0,0,0,1,0,0,0,0,0,0,0,0,1,0,0,0,0
316010426,ITECH,2016-11-10 00:00:00,964 Foothill Boulevard,650000.00,"<p>This Chic Cape Cod home with guest house is located on the sand with a private grassy yard, open terrace, built-in spa, barbeque area, fire pit and access to beach. Wonderful accommodations for gue",2016,11,0,0,0,0,0,0,0,0,0,0,0,0,1,0,0,0,1,0,0,0,0,0,1,0,0,0,0,0,0,0,0,0,1,0,0,0,0,0
316010451,ITECH,2016-11-09 00:00:00,"9378 Wilshire Boulevard, Suite 200",2175000.00,<p>Extraordinarily beautiful pastoral acreage with amazing ocean and Catalina views. It is rare to find this much useable land in the Santa Monica mountains in a setting that only Encinal Canyon can p,2016,11,0,0,0,0,0,0,0,0,0,0,0,0,0,0,0,0,1,0,0,0,0,0,0,0,0,1,0,0,0,0,0,0,0,0,1,0,0,0
16178870,CLAW,2016-11-09 00:00:00,"9378 Wilshire Boulevard, Suite 200",6495.00,This 1913 Craftsman is situated in the highly sought after Bungalow Heaven district. The home evokes the soul of vintage craftsman with thoughtful upgrades for modern living.The living room has a fire,2016,11,0,0,0,0,0,0,0,0,0,0,0,0,1,0,0,0,1,0,0,0,0,0,1,0,0,0,0,0,0,0,0,1,0,0,0,0,0,0
16178498,CLAW,2016-11-08 00:00:00,"23410 Civic Center Way, C1",30000.00,"Embodying the relaxed casual elegance and privacy of a European-style compound, this exquisitely designed contemporary home on a tree-lined Venice street is the realization of every coastal California",2016,11,0,0,0,0,0,0,0,0,0,0,0,0,0,0,0,0,1,1,0,0,0,0,0,1,0,0,0,0,0,0,0,0,1,0,0,0,0,0
316010376,ITECH,2016-11-07 00:00:00,"9378 Wilshire Boulevard, Suite 200",5000.00,"ALARM IS ON.Two-story Victorian home with an inviting wraparound porch and lots of character throughout and many nice upgrades including copper plumbing, updated electrical and central air. Large livi",2016,11,0,0,0,0,0,0,0,0,0,1,0,0,0,0,0,0,1,0,0,0,0,0,0,1,0,0,0,0,0,0,0,0,1,0,0,0,0,0
16178144,CLAW,2016-11-07 00:00:00,"9378 Wilshire Boulevard, Suite 200",395000.00,"Bring your Developers! This property is perfect for a Small Lot Subdivision. Build 10 Units by Right. The site is made up of two full lots and a bit more for a total of over 16,000 square feet. With t",2016,11,0,0,0,0,0,0,0,0,0,0,0,0,1,0,0,0,1,0,0,0,0,1,0,0,0,0,0,0,0,0,1,0,0,0,0,0,0,0
316010316,ITECH,2016-11-05 06:16:15,"9378 Wilshire Boulevard, Suite 200",540000.00,"Nestled on a breathtaking secluded lot in the esteemed Vista De Oro neighborhood, this completely re-imagined mid-century home marries pristine contemporary features with luxury amenities that wash aw",2016,11,0,0,1,0,0,0,0,0,0,0,0,0,0,0,0,0,1,0,0,0,0,1,0,0,0,0,0,0,0,0,0,0,1,0,0,0,0,0
16177590,CLAW,2016-11-04 00:00:00,"9378 Wilshire Boulevard, Suite 200",1565000.00,"2+2 beautifully updated condo, located on the back of the complex and overlooking the park-like wooded area owned by the VA. This is a very idyllic and tranquil location that is convenient to everythi",2016,11,0,0,0,0,0,0,0,0,0,0,0,0,1,0,0,0,1,0,0,0,0,0,1,0,0,0,0,0,0,0,0,1,0,0,0,0,0,0
16177272,CLAW,2016-11-04 00:00:00,"9378 Wilshire Boulevard, Suite 200",1999000.00,"One of a kind 2 bedroom, 2 bath modern penthouse with loft plus ocean views. This New York style Penthouse has high ceilings, lots of natural light, and a sunken living room with fireplace! The open f",2016,11,0,0,0,0,0,0,0,0,0,0,0,0,1,0,0,0,1,1,0,0,0,1,0,0,0,0,0,0,0,0,1,0,0,0,0,0,0,0
16177234,CLAW,2016-11-04 00:00:00,"9378 Wilshire Boulevard, Suite 200",2649000.00,A prime flat ~1.5 acre lot w/ a unique use of modern finishes & innovative design by Vitus Matare. This private gated single story marvel is adorned w/ mature trees ranging from avocados to evergreens,2016,11,0,0,0,0,0,0,0,0,0,0,0,0,1,0,0,0,1,1,0,0,0,0,1,0,0,0,0,0,0,0,0,1,0,0,0,0,0,0
16177260,CLAW,2016-11-04 00:00:00,"9378 Wilshire Boulevard, Suite 200",2750000.00,"Rising tall over a rare stretch of soft sand in Marina Del Rey, this epic Lorcan O'Herlihy-designed two level penthouse offers nearly 800 square feet of outdoor terrace including a rooftop lounge evoc",2016,11,0,0,0,0,0,0,0,0,0,0,0,0,1,0,0,0,1,1,0,0,0,0,1,0,0,0,0,0,0,0,0,1,0,0,0,0,0,0
316010261,ITECH,2016-11-03 07:20:11,"9378 Wilshire Boulevard, Suite 200",608000.00,"5042 Indianola Way is a one of a kind property, located on a desirable cul-de-sac in La Canada Flintridge, close to Paradise Canyon Elementary and town. This handsome single story traditional home fea",2016,11,0,0,0,0,0,0,0,0,0,1,0,0,0,0,0,0,1,1,0,0,0,1,0,0,0,0,0,0,0,0,0,0,1,0,0,0,0,0
16177332,CLAW,2016-11-03 00:00:00,1333 Montana Ave,650000.00,"Impeccably updated Spanish Modern in the heart of Venice Beach. A tall secluded hedge welcomes you to the grassy front yard and porch. A wide-open floor plan, live edge center island and large grassy ",2016,11,0,0,0,0,0,0,0,0,1,0,0,0,0,0,0,0,1,0,0,0,0,0,1,0,0,0,0,0,0,0,0,0,1,0,0,0,0,0
16177116,CLAW,2016-11-03 00:00:00,594 E. Colorado Boulevard,1368000.00,"Come away to this enchanting cottage in an idyllic, creekside setting to escape the city hustle and relax. Verdant green lawns surround you as you stroll up the stone path to this two bedroom, two bat",2016,11,0,0,0,0,0,0,0,0,0,1,0,0,0,0,0,0,1,1,0,0,0,1,0,0,0,0,0,0,0,0,0,0,0,1,0,0,0,0
16177368,CLAW,2016-11-03 00:00:00,"11726 San Vicente Blvd, Suite 350",1285000.00,"Don't miss this impressive 2,510sqft traditional located on a corner lot in Sunset Park. Perched up on top of the hill, this home has great views from the second level master suite. There are three ad",2016,11,0,0,0,0,0,0,0,0,0,0,0,0,1,0,0,0,1,0,0,0,0,1,0,0,0,0,0,0,0,0,0,1,0,0,0,0,0,0
316010267,ITECH,2016-11-03 00:00:00,964 Foothill Boulevard,150000.00,Located in the prestigious and desirable Franciscan Woods. This tri-level townhouse is exceptional in every aspect. The newly built front deck is ideal for relaxing and entertaining with amazing views,2016,11,0,0,0,0,0,0,0,0,0,0,0,0,0,0,1,0,0,0,0,0,0,0,0,0,0,0,0,0,0,1,0,0,0,0,0,0,0,0
16172836,CLAW,2016-11-03 00:00:00,"9378 Wilshire Boulevard, Suite 200",5985000.00,"Stunning beach front property! This remodeled home nestled in the Encinal Bluffs, sits right above the sand on a quiet beach cove. This quintessential Tuscan home features authentic finishes of reclai",2016,11,0,0,0,0,0,0,0,0,0,0,0,0,1,0,0,0,1,0,0,0,0,0,0,0,0,0,0,0,1,0,0,0,0,0,0,1,0,0
16171784,CLAW,2016-11-03 00:00:00,"11726 San Vicente Blvd, Suite 350",969000.00,"Eco Chic Living in the heart of Venice! 2,400sq feet single family house on three levels built in 2008. 3 bedrooms, 3.5 baths.Lofty architectural living w volume, light & space. High ceilings, multipl",2016,11,0,0,0,0,0,0,0,0,0,0,0,0,1,0,0,0,1,0,0,0,0,0,0,1,0,0,0,0,0,0,0,0,1,0,0,0,0,0
316010241,ITECH,2016-11-02 11:55:26,"9378 Wilshire Boulevard, Suite 200",2485000.00,Beautiful Hillcrest home for sale with 4 bedrooms (1 downstairs) and 3 baths. Upon entering you will be greeted with a beautiful living room with high ceilings along with dining area. Enjoy entertaini,2016,11,0,0,0,0,0,0,0,0,0,0,1,0,0,0,0,0,1,0,0,0,0,1,0,0,0,0,0,0,0,0,0,0,0,1,0,0,0,0
316009971,ITECH,2016-11-02 00:00:00,"9378 Wilshire Boulevard, Suite 200",3000.00,"Fantastic three bedroom townhome located in Cal Ritz-Park complex across from Singer Park. Conveniently located close to Old Town, Rose Parade route, Huntington Hospital. This unit is bright and light",2016,11,0,0,0,0,0,0,1,0,0,0,0,0,0,0,0,0,1,1,0,0,0,0,1,0,0,0,0,0,0,0,0,0,1,0,0,0,0,0
16174184,CLAW,2016-11-02 00:00:00,594 E. Colorado Boulevard,768000.00,"Elegant contemporary two bedroom condo at the much sought after Metro in Playa Vista. Located on the 3rd floor, this unit has been impeccably maintained and was recently upgraded. Step into the formal",2016,11,0,0,0,0,0,0,0,0,0,0,0,0,0,0,0,0,1,0,0,0,0,1,0,0,0,0,0,0,0,0,0,1,0,0,0,0,0,0
316010138,ITECH,2016-11-01 00:00:00,"9378 Wilshire Boulevard, Suite 200",1998000.00,A dramatic backdrop of the San Gabriel Mountains and mature scenery frames the magnificent setting for this superb Mediterranean revival located in Altadena's premier estate area. Home to a celebrity ,2016,11,0,0,0,0,0,0,0,0,0,0,0,1,0,0,0,0,1,1,0,0,0,0,0,1,0,0,0,0,0,0,0,0,1,0,0,0,0,0
16176498,CLAW,2016-11-01 00:00:00,"11726 San Vicente Blvd, Suite 350",3550.00,"This two bedroom residence located in Downtown L.A.'s landmark Eastern Columbia Building has been completely reimagined by designer/architect Andrea Keller, drawing its design inspiration from Havana,",2016,11,0,0,0,0,0,0,0,0,0,0,0,0,1,0,0,0,1,0,0,0,0,0,1,0,0,0,0,0,0,0,0,1,0,0,0,0,0,0
16175946,CLAW,2016-10-31 00:00:00,"9378 Wilshire Boulevard, Suite 200",899000.00,"Sensational home in the coveted Vets Park neighborhood. A true move-in ready, opportunity. Meticulously maintained. Features include, oak flooring, large master suite, bright kitchen with breakfast no",2016,10,0,0,0,0,0,0,0,0,0,0,0,0,1,0,0,0,1,0,0,0,0,1,0,0,0,0,0,0,0,0,0,1,0,0,0,0,0,0
316010184,ITECH,2016-10-31 00:00:00,964 Foothill Boulevard,3950.00,"Beautiful one owner home in prime Montecito Park location. This single story residence features 4 bedrooms, 2.5 baths. New wood flooring throughout most of the house. Spacious master suite with ample ",2016,10,0,0,0,0,0,0,0,0,0,0,0,0,0,0,0,0,1,1,0,0,0,0,0,1,0,0,0,0,0,0,0,0,0,1,0,0,0,0
16175522,CLAW,2016-10-29 00:00:00,1730 Ocean Park Blvd,799000.00,"From the unprecedented Penthouse Collection of actor, producer, musician and real estate investor Johnny Depp comes this two story, 1 bedroom/2 bath residence sitting atop the landmark Eastern Columbi",2016,10,0,0,0,0,0,0,0,0,0,0,0,0,1,0,0,0,1,0,0,0,0,0,1,0,0,0,0,0,0,0,0,1,0,0,0,0,0,0
16167486,CLAW,2016-10-29 00:00:00,1730 Ocean Park Blvd,7750.00,Come embrace a skillful blend of elements that gives this romantic Mediterranean energy and joy. Tour the thoughtful floorpan that will impress. Many incredible features & fine details make it unique.,2016,10,0,0,0,0,0,0,0,0,0,0,0,0,1,0,0,0,1,0,0,0,0,0,1,0,0,0,0,0,0,0,0,0,0,1,0,0,0,0
16175808,CLAW,2016-10-28 00:00:00,1333 Montana Ave,3195000.00,Impeccable home!!! Tons of upgrades!!! Remodeled kitchen with stainless steel appliances and granite counter tops. 2-car attached garage. Zoning is possible for backyard expansion. Lots of possibiliti,2016,10,0,0,0,0,0,0,0,0,0,0,0,0,1,0,0,0,1,0,0,0,0,1,0,0,0,0,0,0,0,0,0,0,1,0,0,0,0,0
316010117,ITECH,2016-10-28 00:00:00,"9378 Wilshire Boulevard, Suite 200",1699000.00,"Wonderful traditional 3 bedrooms, 2 bathrooms home located in Altadena. Granite counter-tops in the kitchen and baths, newer cabinets throughout. Light and bright living room with fireplace, formal di",2016,10,0,0,0,0,0,0,0,0,0,0,0,0,0,0,0,0,1,0,0,0,0,1,0,0,0,0,0,0,0,0,0,0,0,1,0,0,0,0
316010077,ITECH,2016-10-27 12:33:34,964 Foothill Boulevard,1895000.00,"Set against the backdrop of the majestic San Gabriel Mountains, this beautiful single-level Spainsh home rests behind the gates of La Vina in Altadena. Enter through the lush courtyard to the front do",2016,10,0,0,0,0,0,0,0,0,0,0,0,0,0,0,0,0,1,0,0,0,0,0,0,0,1,0,0,0,0,0,0,0,0,1,0,0,0,0
16174878,CLAW,2016-10-27 00:00:00,"9378 Wilshire Boulevard, Suite 200",7995000.00,"From the unprecedented Penthouse Collection of actor, producer, musician and real estate investor Johnny Depp comes this two story, 2 bedroom/3 bath residence situated within Los Angeles's most archit",2016,10,0,0,0,0,0,0,0,0,0,0,0,0,1,0,0,0,1,1,0,0,0,0,0,0,0,1,0,0,0,0,0,0,0,0,1,0,0,0
316010040,ITECH,2016-10-26 00:00:00,"9378 Wilshire Boulevard, Suite 200",899000.00,"Charming, updated (approx 4 years ago) Spanish-style single family framed by lovely landscaping. Truly move-in ready. Centrally located, close to shopping, with easy freeway access. The remodeled kitc",2016,10,0,0,0,0,0,0,0,0,0,0,0,0,0,0,0,0,1,0,0,0,0,1,0,0,0,0,0,0,0,0,0,0,1,0,0,0,0,0
16174642,CLAW,2016-10-26 00:00:00,"11726 San Vicente Blvd, Suite 350",2079000.00,"Extensively Remodeled Units for Lease in prime and hip WeHo! Modern designer finishes include French Oak laminate wood flooring throughout, a kitchen complete with stainless steel appliances, Caesarst",2016,10,0,0,0,0,0,0,0,0,0,0,0,0,1,0,0,0,1,0,0,0,0,0,1,0,0,0,0,0,0,0,0,0,1,0,0,0,0,0
16174500,CLAW,2016-10-25 00:00:00,"11726 San Vicente Blvd, Suite 350",7350000.00,"Beautifully renovated character Spanish Bungalow in amazing Melrose Village (90036) location. Living room w/ barreled ceilings, formal dining room, newer hardwood floors, wood burning fireplace, newer",2016,10,0,0,0,0,0,0,0,0,0,0,0,0,1,0,0,0,1,1,0,0,0,0,0,1,0,0,0,0,0,0,0,0,0,0,1,0,0,0
316010002,ITECH,2016-10-25 00:00:00,964 Foothill Boulevard,899000.00,Great Opportunity! Buyer needs to check with City of Glendale and LA County Flood Control for possible specific uses of this property. Plans drawn in 2005 are available for viewing.,2016,10,0,0,0,0,0,0,0,0,0,0,1,0,0,0,0,0,1,0,0,0,0,1,0,0,0,0,0,0,0,0,0,0,1,0,0,0,0,0
16174714,CLAW,2016-10-25 00:00:00,"23410 Civic Center Way, C1",16000.00,"Beautiful Four Bedroom + Studio home. Located on a Corner Lot. Warm & inviting spacious living room filled w/ character touches such as peg & groove hardwood floors, wood beam ceiling and decorative f",2016,10,0,0,0,0,0,0,0,0,0,0,0,0,1,0,0,0,1,1,0,0,0,0,1,0,0,0,0,0,0,0,0,0,1,0,0,0,0,0
16174228,CLAW,2016-10-24 00:00:00,"23410 Civic Center Way, C1",1995000.00,"Charming original Spanish style 3 bedroom + 1.75 bath single level home. Approximately 2,266 sq ft on a 50~150 lot with pool and converted garage. Tons of natural light, hardwood floors and original d",2016,10,0,0,0,0,0,0,0,0,0,0,0,0,0,0,0,0,1,1,0,0,0,0,1,0,0,0,0,0,0,0,0,0,0,1,0,0,0,0
16173864,CLAW,2016-10-24 00:00:00,"11726 San Vicente Blvd, Suite 350",1195000.00,"Elegantly situated in the heart of Beverly Hills sits this 2 story Mediterranean home w/ architectural details, 5 bdrms, 6 ~ bas & an inviting GH w/ add'l bedrm & bath. Enter thru the dramatic 2 story",2016,10,0,0,0,0,0,0,0,0,0,0,0,0,1,0,0,0,1,1,0,0,0,0,1,0,0,0,0,0,0,0,0,1,0,0,0,0,0,0
16172810,CLAW,2016-10-24 00:00:00,"9378 Wilshire Boulevard, Suite 200",4495000.00,"As part of Santa Monica's historically exclusive Gold Coast, where Hollywood's elite first converged to claim a beachfront oasis to call their own, this John Byers-designed Spanish Colonial Revival el",2016,10,0,0,0,0,0,0,0,0,0,0,0,0,1,0,0,0,1,1,0,0,0,0,0,0,0,1,0,0,0,0,0,0,0,0,1,0,0,0
316009913,ITECH,2016-10-21 00:00:00,"9378 Wilshire Boulevard, Suite 200",598000.00,"Located in the desirable city of San Marino, near the prestigious Huntington Library, perched up and set back from the street, is this 4 bedrooms 4 baths whimsical traditional. It has been extensively",2016,10,0,0,0,0,0,0,0,0,0,0,0,0,0,0,0,0,1,0,0,0,0,1,0,0,0,0,0,0,0,0,0,1,0,0,0,0,0,0
16173754,CLAW,2016-10-21 00:00:00,1333 Montana Ave,2049000.00,"Located in a highly desirable Brentwood location, this delightful Traditional home is filled with charm and character. Flooded with natural light, this home boasts three en-suite bedrooms upstairs, in",2016,10,0,0,0,0,0,0,0,0,0,0,0,0,1,0,0,0,1,1,0,0,0,1,0,0,0,0,0,0,0,0,0,1,0,0,0,0,0,0
16172958,CLAW,2016-10-21 00:00:00,1333 Montana Ave,2595000.00,"Adorable renovated Country English cottage with hardwood floors, two bedrooms, two renovated baths and tons of natural light. Master suite with renovated spa bath with vaulted ceilings and skylight. U",2016,10,0,0,0,0,0,0,0,0,0,0,0,0,1,0,0,0,1,0,0,0,0,0,0,1,0,0,0,0,0,0,0,0,1,0,0,0,0,0
16173746,CLAW,2016-10-21 00:00:00,"9378 Wilshire Boulevard, Suite 200",2894000.00,"Panoramic ocean views from this stunning, modern architectural home designed to perfection! Gorgeous open floor plan with high ceilings and skylights. The grand living room features walls of glass wit",2016,10,0,0,0,0,0,0,0,0,0,0,0,0,1,0,0,0,1,0,0,0,0,0,1,0,0,0,0,0,0,0,0,0,1,0,0,0,0,0
16173736,CLAW,2016-10-21 00:00:00,"9378 Wilshire Boulevard, Suite 200",3995.00,"Spectacular 3 bed/3 bath + loft townhome located in the heart of Silicon Beach, Just one block from Main Street, and three blocks from the beach! This FAIA Award winning Michael Folonis creation has a",2016,10,0,0,0,0,0,0,0,0,0,0,0,0,1,0,0,0,1,0,0,0,0,1,0,0,0,0,0,0,0,0,0,1,0,0,0,0,0,0
16173190,CLAW,2016-10-20 00:00:00,"9378 Wilshire Boulevard, Suite 200",1295000.00,"You immediately feel at home when you step into this luxurious 2 bedrooms and 2.5 bath condominium with an open floor plan and designer finishes. The living quarters features bamboo floors, crown mold",2016,10,0,0,0,0,0,0,0,0,0,0,0,0,1,0,0,0,1,0,0,0,0,0,1,0,0,0,0,0,0,0,0,0,1,0,0,0,0,0
16173320,CLAW,2016-10-20 00:00:00,"23410 Civic Center Way, C1",35000.00,Step into this beautifully designed home located at the end of a cul-de-sac nestled in the hills of Malibu. This peaceful and private oasis is tucked behind a walled courtyard entry and gated driveway,2016,10,0,0,0,0,0,0,0,0,0,0,0,0,1,0,0,0,1,1,0,0,0,0,0,1,0,0,0,0,0,0,0,0,1,0,0,0,0,0
16173212,CLAW,2016-10-20 00:00:00,1333 Montana Ave,9250000.00,"Come discover an enchanting brick cottage in the heart of Highland Park. Once you step under the bougainvillea onto the flagstone porch, you'll be smitten. 4746 Toland Way was designed by LA architect",2016,10,0,0,0,0,0,0,0,0,0,0,0,0,1,0,0,0,1,1,0,0,0,0,0,1,0,0,0,0,0,0,0,0,0,0,1,0,0,0
16173052,CLAW,2016-10-20 00:00:00,"9378 Wilshire Boulevard, Suite 200",1495000.00,"Romantic Spanish Hacienda hidden behind a tall privacy hedge. A true retreat full of old-world charm. 2 bedrooms, 2.5 baths plus a converted garage with office, den and ~ bath. Filled with natural lig",2016,10,0,0,0,0,0,0,0,0,0,0,0,0,0,0,0,0,1,0,0,0,0,0,0,1,0,0,0,0,0,0,0,0,1,0,0,0,0,0
16173342,CLAW,2016-10-20 00:00:00,"23410 Civic Center Way, C1",35000.00,"Truly a rare opportunity in Brentwood Park, minutes to the Country Mart, this charming Traditional has great scale and flow -- both indoors and out -- and is ideally suited for gracious living and ent",2016,10,0,0,0,1,0,0,0,0,0,0,0,0,0,0,0,0,1,0,0,0,0,0,0,0,0,1,0,0,0,0,0,0,0,0,0,1,0,0
316009844,ITECH,2016-10-19 21:51:45,"9378 Wilshire Boulevard, Suite 200",3500.00,"San Marino Schools! Located in a quiet cul de sac, this traditional single story ranch home has 4 bedrooms and 3.5 bath including permitted guest house ( approx.545 sqft) in San Marino school district",2016,10,0,0,0,0,0,0,0,0,0,0,0,0,0,0,0,0,1,0,0,0,0,0,1,0,0,0,0,0,0,0,0,0,0,1,0,0,0,0
16172880,CLAW,2016-10-19 00:00:00,"11726 San Vicente Blvd, Suite 350",3750.00,This magnificent Tuscan home with stunning ocean views sits on over an acre of beautiful landscaped grounds. The property is located in the highly desirable neighborhood of Point Dume with beach keys ,2016,10,0,0,0,0,0,0,0,0,0,0,0,0,1,0,0,0,1,0,0,0,0,0,1,0,0,0,0,0,0,0,0,1,0,0,0,0,0,0
16173026,CLAW,2016-10-19 00:00:00,"11726 San Vicente Blvd, Suite 350",9250.00,Tucked away on a serene street North of Sunset in one of the most sought after areas of Brentwood is 450 N. Skyewiay. This immaculate and ample traditional home has been meticulously maintained and ri,2016,10,0,0,0,1,0,0,0,0,0,0,0,0,0,0,0,0,1,0,0,0,0,0,0,0,1,0,0,0,0,0,0,0,1,0,0,0,0,0
16172792,CLAW,2016-10-19 00:00:00,"11726 San Vicente Blvd, Suite 350",3750.00,This picturesque mid-century ranch style home on a large quiet lot in coveted Royal Woods is the home you have been waiting for! Open and flowing public areas separated from the private bedroom wing m,2016,10,0,0,0,0,0,0,0,0,0,0,0,0,1,0,0,0,1,0,0,0,0,0,1,0,0,0,0,0,0,0,1,0,0,0,0,0,0,0
316009753,ITECH,2016-10-19 00:00:00,"9378 Wilshire Boulevard, Suite 200",355000.00,"Nothing defines Southern California real estate like the understated elegance of a two-story Spanish Revival home. Located in the prestigious Cal Tech area of Pasadena, with San Marino just a block aw",2016,10,0,0,0,0,0,0,0,0,0,0,0,0,1,0,0,1,0,0,0,0,0,1,0,0,0,0,0,0,0,1,0,0,0,0,0,0,0,0
316009802,ITECH,2016-10-18 00:00:00,964 Foothill Boulevard,1450000.00,"This modern contemporary home resides on a corner lot in the upscale Langham Area of Pasadena, a neighborhood characterized by rolling, oak-covered terrain on the base of the picturesque San Gabriel M",2016,10,0,0,0,0,0,0,0,0,0,1,0,0,0,0,0,0,1,0,0,0,0,1,0,0,0,0,0,0,0,0,0,0,1,0,0,0,0,0
316009746,ITECH,2016-10-17 00:00:00,"9378 Wilshire Boulevard, Suite 200",599000.00,"This sensational 1927 Spanish Colonial, revived to perfection, stands proudest among the other notable properties in this most coveted location of Rossmoyne Historic District. Rossmoyne is one of Glen",2016,10,0,0,0,0,0,0,0,0,0,0,1,0,0,0,0,0,1,1,0,0,0,0,1,0,0,0,0,0,0,0,0,1,0,0,0,0,0,0
16171978,CLAW,2016-10-17 00:00:00,"9378 Wilshire Boulevard, Suite 200",825000.00,"Situated at the end of a quiet canyon lane, this stunning contemporary home offers a tranquil, serene setting. Soaring ceilings, expansive windows, and skylights create tremendous natural light throug",2016,10,0,0,0,0,0,0,0,0,0,0,0,0,0,0,0,0,1,0,0,0,0,1,0,0,0,0,0,0,0,0,0,1,0,0,0,0,0,0
16171376,CLAW,2016-10-17 00:00:00,"11726 San Vicente Blvd, Suite 350",3499000.00,"Gorgeous 3 Bedroom, 3 Bathroom Traditional home exquisitely remodeled! Great flow for entertaining with formal dining & living area, hardwood floors, beautiful moldings, two fireplaces, top of the lin",2016,10,0,0,0,0,1,0,0,0,0,0,0,0,0,0,0,0,1,1,0,0,0,0,0,0,0,1,0,0,0,0,0,0,0,0,1,0,0,0
16170720,CLAW,2016-10-17 00:00:00,"11726 San Vicente Blvd, Suite 350",3895000.00,"A grand union of modern craftsmanship and traditional architecture, this magnificent Cape Cod was conceived by EMMA, the developers responsible for the redesign of Santa Barbara Airport's historic ter",2016,10,0,0,0,0,0,0,0,0,0,0,0,0,1,0,0,0,1,1,0,0,0,0,0,0,0,1,0,0,0,0,0,0,0,0,1,0,0,0
316009737,ITECH,2016-10-15 16:59:01,964 Foothill Boulevard,4000.00,"Nestled in the scenic foothills of the San Gabriel Mountains, this beautifully maintained mid-century ranch is a composition of large, light-filled spacesa generous canvas to make your own. The 9,520-",2016,10,0,0,0,0,0,0,0,0,0,0,0,0,0,0,0,0,1,1,0,0,0,1,0,0,0,0,0,0,0,0,0,0,1,0,0,0,0,0
316009693,ITECH,2016-10-14 00:00:00,"9378 Wilshire Boulevard, Suite 200",1126000.00,"Welcome Home! This beautiful home offers 3 bedrooms, 2 baths with 2004 sq ft of living space. Enjoy gathering in your living room by one of the fireplaces that is connected to the spacious dining area",2016,10,0,0,0,0,0,0,0,0,0,1,0,0,0,0,0,0,1,0,0,0,0,0,1,0,0,0,0,0,0,0,0,0,1,0,0,0,0,0
16170236,CLAW,2016-10-13 00:00:00,"11726 San Vicente Blvd, Suite 350",20000000.00,"Melrose Village Spanish Bungalow Heavy Fixer/Tear-down. Property to be sold in AS-IS condition with no repairs, credits, or warranties. Located in prime 90036 neighborhood moments from The Grove, Melr",2016,10,0,0,0,0,0,0,0,0,0,0,0,0,0,0,1,0,0,0,0,0,0,0,0,0,0,0,0,0,0,1,0,0,0,0,0,0,0,0
16170084,CLAW,2016-10-13 00:00:00,"9378 Wilshire Boulevard, Suite 200",779000.00,"Spacious two story, top floor condo with 3 bedrooms and 3 bathrooms. Close proximity to the area's best bars and restaurants. Condo has vaulted ceilings, hardwood floors in living room, loft ideal for",2016,10,0,0,0,0,0,0,0,0,0,0,0,0,1,0,0,0,1,0,0,0,0,0,1,0,0,0,0,0,0,0,0,1,0,0,0,0,0,0
16170260,CLAW,2016-10-13 00:00:00,"11726 San Vicente Blvd, Suite 350",1589000.00,"Extensively Remodeled Units for Lease in prime and hip WEHO! Modern designer finishes include French Oak laminate flooring throughout, kitchen with stainless steel appliances, caesartone counters and ",2016,10,0,0,0,0,0,0,0,0,0,0,0,0,1,0,0,0,1,0,0,0,0,0,0,1,0,0,0,0,0,0,0,0,0,1,0,0,0,0
16170438,CLAW,2016-10-12 00:00:00,"9378 Wilshire Boulevard, Suite 200",5995000.00,"A magnificent new gated home beautifully situated on a large lot (over 13,000 feet) at the intersection of Bel-Air and Westwood. Convenient and easy access to Westwood Village, Beverly Hills, Brentwoo",2016,10,0,0,0,0,0,0,0,0,0,0,0,0,1,0,0,0,1,1,0,0,0,0,0,1,0,0,0,0,0,0,0,0,0,0,1,0,0,0
316009646,ITECH,2016-10-12 00:00:00,964 Foothill Boulevard,1195000.00,"Light-filled 3 bedroom, 2 bath Townhome that feels like a single family residence in great Rose Court neighborhood. This Craftsman style home features beautifully redone hardwood floors in the main li",2016,10,0,0,0,0,0,0,0,0,0,0,0,0,0,0,0,0,1,0,0,0,0,0,1,0,0,0,0,0,0,0,0,0,1,0,0,0,0,0
16170802,CLAW,2016-10-12 00:00:00,"11726 San Vicente Blvd, Suite 350",999000.00,"Extensively Remodeled Units for Lease in prime and hip WEHO! Modern designer finishes include French Oak laminate flooring throughout, a kitchen with stainless steel appliances, caesartone counters an",2016,10,0,0,0,0,0,0,0,0,0,0,0,0,1,0,0,0,1,0,0,0,0,0,1,0,0,0,0,0,0,0,0,1,0,0,0,0,0,0
16168984,CLAW,2016-10-10 00:00:00,"11726 San Vicente Blvd, Suite 350",799000.00,"An hour outside of Los Angles with country and ocean views of Ojai sits Flying D Ranch. The ultimate ranch - surrounded by a seasonal creek and expansive terrain. Consisting of 1,281 acres and 7 parce",2016,10,0,0,0,0,0,0,0,0,0,0,0,0,1,0,0,0,1,0,0,0,0,1,0,0,0,0,0,0,0,0,0,1,0,0,0,0,0,0
16169676,CLAW,2016-10-08 00:00:00,"11726 San Vicente Blvd, Suite 350",875000.00,"Located in the heart of Royal Oaks of Encino, sits a newly remodeled contemporary California craftsmanship 5BD/5.5 BA. This Cape Cod-inspired interior has rich French Oak floors throughout, generous l",2016,10,0,0,0,1,0,0,0,0,0,0,0,0,0,0,0,0,1,1,0,0,0,0,1,0,0,0,0,0,0,0,0,1,0,0,0,0,0,0
16169260,CLAW,2016-10-07 00:00:00,"9378 Wilshire Boulevard, Suite 200",8499000.00,"A spacious expertly designed condominium located on Main Street in Venice. Located in close proximity to Whole Foods, Rose Ave, and Venice Beach. This two bedroom two bath recently updated condo boast",2016,10,0,0,0,0,0,0,0,0,0,1,0,0,0,0,0,0,1,1,0,0,0,0,0,1,0,0,0,0,0,0,0,0,0,0,1,0,0,0
16167196,CLAW,2016-10-07 00:00:00,594 E. Colorado Boulevard,599000.00,"Welcome to 2041 N Commonwealth. Be the the first to live in this Top-floor Corner unit since the full remodel including new floors, fresh paint, new counter tops and new appliances. A large master wit",2016,10,0,0,0,0,0,0,0,0,0,0,0,0,0,0,0,0,1,0,0,0,0,1,0,0,0,0,0,0,0,0,0,1,0,0,0,0,0,0
316009501,ITECH,2016-10-07 00:00:00,964 Foothill Boulevard,799000.00,1940's Traditional in desirable NE Monrovia neighborhood within Gold Ribbon School boundry. This 2 bedroom 1 bath home features an open concept living room dining room w/hardwood floors and playroom t,2016,10,0,0,0,0,0,0,0,0,0,0,0,0,0,0,0,0,1,1,0,0,0,1,0,0,0,0,0,0,0,0,0,1,0,0,0,0,0,0
316009356,ITECH,2016-10-07 00:00:00,964 Foothill Boulevard,2195000.00,"Beautiful property in desirable La Canada/Flintridge. Charming traditional one story house in a beautiful neighborhood, kitchen with breakfast room and convenient and spacious family room, Banquet siz",2016,10,0,0,0,0,0,0,0,0,0,0,0,1,0,0,0,0,1,1,0,0,0,0,1,0,0,0,0,0,0,0,0,0,0,1,0,0,0,0
16168744,CLAW,2016-10-06 00:00:00,1333 Montana Ave,6895000.00,"Located in the heart of Brentwood, minutes from some of the best restaurants, boutiques and farmers markets in Los Angeles, this stylish condo beckons you home. Enjoy a thoughtfully-designed open floo",2016,10,0,0,0,0,0,0,0,0,0,0,0,0,1,0,0,0,1,0,1,0,0,0,1,0,0,0,0,0,0,0,0,0,0,1,0,0,0,0
16169036,CLAW,2016-10-06 00:00:00,"11726 San Vicente Blvd, Suite 350",1799000.00,Welcome to this Mar Vista/ Westdale Trousdale charmer on a wonderful tree lined street centrally located to everything the neighborhood has to offer.This pristine home offers 4 spacious Bedrooms (2 en,2016,10,0,0,0,0,0,0,0,0,0,0,0,0,1,0,0,0,1,0,0,0,0,0,0,1,0,0,0,0,0,0,0,0,1,0,0,0,0,0
16169094,CLAW,2016-10-06 00:00:00,"9378 Wilshire Boulevard, Suite 200",2249000.00,"This rare single story contemporary is a WOW! In the ""Coastal Modern"" style of its celebrity designer Tim Clarke, interiors include Balinese ceilings, floor to ceiling windows/doors, and a seamless in",2016,10,0,0,0,0,0,0,0,0,0,0,0,0,1,0,0,0,1,1,0,0,0,0,0,0,1,0,0,0,0,0,0,0,0,0,1,0,0,0
16169172,CLAW,2016-10-06 00:00:00,1333 Montana Ave,6595000.00,"Welcome home to this beautiful Contemporary Traditional in the exclusive guard gated community of the Palisades Country Estates. This great family home, at the end of a cul-de-sac, offers 5 spacious e",2016,10,0,0,0,0,0,0,0,0,0,0,0,0,1,0,0,0,1,0,1,0,0,0,1,0,0,0,0,0,0,0,0,0,0,0,0,1,0,0
16168832,CLAW,2016-10-05 00:00:00,"9378 Wilshire Boulevard, Suite 200",3095.00,"ATTENTION INVESTORS looking for an updated easy to manage condo with low dues! Tenant in place until NOV 1st 2017 at $3,300 per month. Can be shown with 48hrs notice. Just 12 blocks from the sand? At ",2016,10,0,0,0,0,0,0,0,0,0,0,0,0,1,0,0,0,1,0,0,0,0,1,0,0,0,0,0,0,0,0,0,1,0,0,0,0,0,0
316009344,ITECH,2016-10-04 00:00:00,964 Foothill Boulevard,549000.00,"Chic studio located on a wonderful tree-lined street in the heart of Pasadena. Well situated in the sophisticated Oakland Towers, this unit features a double door entry, large picture windows with vie",2016,10,0,0,0,0,0,0,0,0,0,0,0,0,0,0,0,0,1,0,0,0,0,1,0,0,0,0,0,0,0,0,0,0,1,0,0,0,0,0
SB16712658MR,CRMLS,2016-10-04 00:00:00,"1219 Morningside Drive, Suite 202",779000.00,,2016,10,0,0,0,0,0,0,0,0,0,0,0,0,1,0,0,0,1,0,0,0,1,0,1,0,0,0,0,0,0,0,0,0,1,0,0,0,0,0
16168406,CLAW,2016-10-04 00:00:00,"9378 Wilshire Boulevard, Suite 200",18500.00,"Designed by renowned architect Walter Scott Perry in the classic modern Bauhaus tradition, this newly remodeled, 5 bedroom & 6 bathroom contemporary home is sited on a serene, half-acre knoll in Bel A",2016,10,0,0,0,0,0,0,0,0,0,0,0,0,1,0,0,0,1,1,0,0,0,0,1,0,0,0,0,0,0,0,0,1,0,0,0,0,0,0
16165260,CLAW,2016-10-04 00:00:00,"11726 San Vicente Blvd, Suite 350",865000.00,"Rare opportunity to purchase this wonderful 3 bed, 2 bath penthouse in a high demand Santa Monica area. Near shops, restaurants, Santa Monica Pier, Promenade, Santa Monica stairs and the beach; this h",2016,10,0,0,0,0,0,0,0,0,0,0,0,0,1,0,0,0,1,0,0,0,0,0,0,0,1,0,0,0,0,0,0,0,0,1,0,0,0,0
16168294,CLAW,2016-10-04 00:00:00,"9378 Wilshire Boulevard, Suite 200",3849000.00,"Architectural oasis located on a quiet corner lot North of Montana- just moments from restaurants & the beach. Steel, wood & glass set the stage for serene living tucked behind privacy walls & hedges.",2016,10,0,0,0,0,0,0,0,0,0,0,0,0,1,0,0,0,1,1,0,0,0,0,1,0,0,0,0,0,0,0,0,1,0,0,0,0,0,0
16167460,CLAW,2016-10-03 00:00:00,"9378 Wilshire Boulevard, Suite 200",1498000.00,Live above the city of lights in the peaceful and desirable Crestwood Hills area of Brentwood. This 3 bed/4 bath architectural home with wonderful canyon and ocean views boasts an open floor plan and ,2016,10,0,0,0,0,0,0,0,0,0,0,0,0,1,0,0,0,1,0,0,0,0,0,1,0,0,0,0,0,0,0,0,0,1,0,0,0,0,0
16167440,CLAW,2016-10-03 00:00:00,"9378 Wilshire Boulevard, Suite 200",1998000.00,"Westside charmer. Coved ceilings, archways, wood floors, fireplace in a step-down living room. This home has been well maintained and upgraded with central heat and A/C, copper plumbing, CA cellar wit",2016,10,0,0,0,0,0,0,0,0,0,0,0,0,1,0,0,0,1,0,0,0,0,0,0,1,0,0,0,0,0,0,0,0,0,1,0,0,0,0
316009342,ITECH,2016-10-03 00:00:00,964 Foothill Boulevard,1339000.00,"Just One and half blocks (5 minute walk) from the Metro Gold Line, this heavily-treed urban oasis is conveniently located near restaurants, shopping, art galleries, Old Pasadena, Paseo, South Lake Ave",2016,10,0,0,0,0,0,0,0,0,0,1,0,0,0,0,0,0,1,0,0,0,0,0,1,0,0,0,0,0,0,0,0,0,1,0,0,0,0,0
16164958,CLAW,2016-10-03 00:00:00,"9378 Wilshire Boulevard, Suite 200",888000.00,"Enchanting 1928 Spanish Bungalow high atop Mt. Washington. Perched above street level on a street-to-street lot, this graceful home has been lovingly preserved and is filled with original detail. Feat",2016,10,0,1,0,0,0,0,0,0,0,0,0,0,0,0,0,0,1,0,0,0,0,0,1,0,0,0,0,0,0,0,0,0,1,0,0,0,0,0
316009368,ITECH,2016-10-03 00:00:00,964 Foothill Boulevard,1195000.00,"Charming home located on a tree lined street. Great curb appeal, mature trees, backyard porch, hardwood floors, living room with a fireplace, nicely remodeled bathrooms, and kitchen, lots of closet sp",2016,10,0,0,0,0,0,0,0,0,0,0,0,0,0,0,0,0,1,1,0,0,0,1,0,0,0,0,0,0,0,0,0,0,0,1,0,0,0,0
316009232,ITECH,2016-09-29 13:35:23,"9378 Wilshire Boulevard, Suite 200",2650.00,Charming 3 BR/ 3 BA home FOR LEASE in the award-winning La Canada Unified School district. The updated kitchen features granite counters and opens to the family room and dining area. Spacious Master B,2016,9,0,0,0,0,0,0,0,0,0,0,0,0,0,0,0,0,1,0,0,0,0,1,0,0,0,0,0,0,0,0,1,0,0,0,0,0,0,0
316009157,ITECH,2016-09-28 00:00:00,"9378 Wilshire Boulevard, Suite 200",575000.00,"Price Reduction! Beautiful 1926 Character Spanish! Located on a peaceful street, this lovely Spanish Colonial is immaculate. Living Room Offers Gleaming Tongue and Groove Hardwood floors and the state",2016,9,0,0,1,0,0,0,0,0,0,0,0,0,0,0,0,0,1,0,0,0,0,1,0,0,0,0,0,0,0,0,0,0,1,0,0,0,0,0
316008990,ITECH,2016-09-28 00:00:00,"9378 Wilshire Boulevard, Suite 200",2400.00,"Beautiful turn-key traditional in La Canada Flintridge. Fantastic floor plan for entertaining with great indoor-outdoor flow. Large living room/ dining room, cooks kitchen and breakfast nook open to t",2016,9,0,0,0,0,0,0,1,0,0,0,0,0,0,0,0,0,1,0,0,0,0,0,1,0,0,0,0,0,0,0,0,1,0,0,0,0,0,0
16166222,CLAW,2016-09-27 00:00:00,"11726 San Vicente Blvd, Suite 350",4350.00,"Perfectly situated on the most sought-after block of Adelaide Drive, this luxury four-level Santa Monica canyon home offers an idyllic lifestyle inclusive of breathtaking ocean & canyon views. Nestled",2016,9,0,0,0,0,0,0,0,0,0,0,0,0,1,0,0,0,1,1,0,0,0,0,1,0,0,0,0,0,0,0,0,0,1,0,0,0,0,0
16165532,CLAW,2016-09-26 00:00:00,"23410 Civic Center Way, C1",2500000.00,"Live at ""The Century"" and experience the finest in estate-style living with five-star amenities. The prestigious full-service 42-story high rise was designed by Robert A.M. Stern and features all the ",2016,9,0,0,0,0,0,0,0,0,0,0,0,0,0,0,1,0,0,0,0,0,0,0,0,0,0,0,0,0,0,1,0,0,0,0,0,0,0,0
16165528,CLAW,2016-09-26 00:00:00,"23410 Civic Center Way, C1",3250000.00,"If you love the magnificence of a great view, this is one of best. King of the Hill panoramic views of Los Angeles and the the mountains beyond. Dramatic architectural home by Escher Gunewardena, loca",2016,9,0,0,0,0,0,0,0,0,0,0,0,0,0,0,1,0,0,0,0,0,0,0,0,0,0,0,0,0,0,1,0,0,0,0,0,0,0,0
316009078,ITECH,2016-09-26 00:00:00,964 Foothill Boulevard,3695000.00,"This 1957 ranch home is located on a quiet cul-de-sac near Paradise Canyon Elementary School and hiking trails. The home offers a large living/great room with high ceilings, fireplace, built-in cabine",2016,9,0,0,0,0,0,0,0,0,1,0,0,0,0,0,0,0,1,1,0,0,0,0,1,0,0,0,0,0,0,0,0,0,0,1,0,0,0,0
16165994,CLAW,2016-09-26 00:00:00,"9378 Wilshire Boulevard, Suite 200",2550.00,"Live at ""The Century"" and experience the finest in estate-style living with five-star amenities. The prestigious full-service 42-story high rise was designed by Robert A.M. Stern and features all the ",2016,9,0,0,0,0,0,0,0,0,0,0,0,0,1,0,0,1,0,0,0,0,0,1,0,0,0,0,0,0,0,1,0,0,0,0,0,0,0,0
316009006,ITECH,2016-09-25 00:00:00,"9378 Wilshire Boulevard, Suite 200",728000.00,"A dog-leg left from the first fairway of the Oakmont Country Club is where you will find this hidden, quaint street with friendly neighbors. This single-story, mid Century home has clean lines that ar",2016,9,0,0,0,0,0,0,0,0,0,0,0,1,0,0,0,0,1,1,0,0,0,0,0,1,0,0,0,0,0,0,0,0,1,0,0,0,0,0
16165062,CLAW,2016-09-22 00:00:00,1730 Ocean Park Blvd,1235000.00,"Mid-Century modern with gorgeous canyon views. This 2,835 sqft home has 4 bed, 3 baths and is bright and spacious throughout with plenty of room for entertaining. The living room with fireplace has la",2016,9,0,0,0,0,0,0,0,0,0,0,0,0,1,0,0,0,1,0,0,0,0,1,0,0,0,0,0,0,0,0,0,0,1,0,0,0,0,0
16164760,CLAW,2016-09-22 00:00:00,"9378 Wilshire Boulevard, Suite 200",3075.00,NOW OFFERING MOVE IN SPECIALS! THE BUILDING IS ALMOST SOLD OUT! Welcome to The Lofts On La Brea. The newest luxury community. This large top-floor studio is perfect for the entertainer that wants the ,2016,9,0,0,0,0,0,0,0,0,0,0,0,0,1,0,0,1,0,0,0,0,0,1,0,0,0,0,0,0,0,1,0,0,0,0,0,0,0,0
16164788,CLAW,2016-09-22 00:00:00,1333 Montana Ave,6475.00,Beautifully appointed single level condo in a newer Mediterranean courtyard building. A great open floor plan with 3 bedrooms/2.5 bathrooms and filled with natural sunlight. The chef's kitchen has che,2016,9,0,0,0,0,0,0,0,0,0,0,0,0,1,0,0,0,1,1,0,0,0,0,1,0,0,0,0,0,0,0,0,1,0,0,0,0,0,0
16163826,CLAW,2016-09-22 00:00:00,"11726 San Vicente Blvd, Suite 350",3500.00,Charming 1920s farmhouse on the border of Mar Vista and Venice. This home was originally built in 1925 in La Canada and was moved to the current address in the 1960s. It exudes a vintage ranch-style c,2016,9,0,0,0,0,0,0,0,0,0,1,0,0,0,0,0,0,1,0,0,0,0,1,0,0,0,0,0,0,0,0,0,1,0,0,0,0,0,0
16164100,CLAW,2016-09-21 00:00:00,"23410 Civic Center Way, C1",16550000.00,Smashing ocean views from 91 acres in the beautiful Santa Monica Mountains overlooking Malibu and Point Dume. This offering consists of seven contiguous ocean view lots only 2 1/2 miles from Pacific C,2016,9,0,0,0,0,0,0,0,0,0,0,0,0,1,0,0,0,1,0,1,0,0,0,0,0,0,1,0,0,0,0,0,0,0,0,1,0,0,0
16164412,CLAW,2016-09-21 00:00:00,"11726 San Vicente Blvd, Suite 350",6495000.00,"Amazing land offering of almost six acres within 1/2 mile of Pacific Coast Highway. Surrounded by multi-million dollar homes, the property is one of the few left that are able to accommodate multiple ",2016,9,0,0,0,0,0,0,0,0,0,0,0,0,1,0,0,0,1,0,0,0,0,0,0,1,0,0,0,0,0,0,0,0,0,1,0,0,0,0
16163996,CLAW,2016-09-20 00:00:00,"9378 Wilshire Boulevard, Suite 200",2599000.00,Welcome to this wonderful small gated community in the heart of Tarzana. Drive up and you are greeted with a stamped driveway and rose bush lined path leading to a beautiful newer 4 bedroom property. ,2016,9,0,0,0,0,0,0,0,0,0,0,0,0,0,0,1,0,0,0,0,0,0,0,0,0,0,0,0,0,0,1,0,0,0,0,0,0,0,0
316008853,ITECH,2016-09-19 00:00:00,964 Foothill Boulevard,899000.00,"This stunning 1926 Spanish estate sits on nearly 24,000 square feet of flat land and features a detached 1-BR/1-BA GUEST HOUSE. This house combines original character details with a fantastic floor pl",2016,9,0,0,0,0,0,0,0,0,0,0,0,0,0,0,0,0,1,0,0,0,0,1,0,0,0,0,0,0,0,0,0,0,1,0,0,0,0,0
16161666,CLAW,2016-09-16 00:00:00,"9378 Wilshire Boulevard, Suite 200",969000.00,"Unit #1 is ""Pending"". Just one ocean view townhouse remains available for sale! Architecturally significant turn-of-the-century Victorian cottage meticulously restored and transformed into a modern ma",2016,9,0,0,0,0,0,0,0,0,0,1,0,0,0,0,0,0,1,1,0,0,0,0,1,0,0,0,0,0,0,0,0,0,0,1,0,0,0,0
16163248,CLAW,2016-09-16 00:00:00,"11726 San Vicente Blvd, Suite 350",1449000.00,"Fantastic location! Flexible lease terms- Landlord will consider short, or long term. Just 2 blocks to Montana Avenue shops, cafes and restaurants! Franklin School District! Updated townhouse with 2bd",2016,9,0,0,0,0,0,0,0,0,0,0,0,0,0,0,0,0,1,0,0,0,0,1,0,0,0,0,0,0,0,0,0,0,1,0,0,0,0,0
16163198,CLAW,2016-09-16 00:00:00,"11726 San Vicente Blvd, Suite 350",849900.00,NOW OFFERING MOVE IN SPECIALS! This is the last TOP FLOOR CORNER unit! Welcome to The Lofts On La Brea. The newest luxury community. This large studio is perfect for the entertainer that wants the hig,2016,9,0,0,0,0,0,0,0,0,0,0,0,0,1,0,0,0,1,0,0,0,0,1,0,0,0,0,0,0,0,0,0,1,0,0,0,0,0,0
16163266,CLAW,2016-09-16 00:00:00,"23410 Civic Center Way, C1",10950000.00,"Located in Northwest Glendale, above Bel Aire Drive, this stylishly remodeled home is sure to delight the most discerning buyer! The gorgeous chef's kitchen is straight out of Restoration Hardware and",2016,9,0,0,0,0,0,0,0,0,0,0,0,0,1,0,0,0,1,0,0,0,0,0,1,0,0,0,0,0,0,0,0,0,1,0,0,0,0,0
16162304,CLAW,2016-09-15 00:00:00,"9378 Wilshire Boulevard, Suite 200",3248000.00,"Remodeled, spacious and light 1 bedroom and 1 bathroom condo in the coveted West Hollywood complex. Villa Las Brisas. Large open living room and dining area with private balcony. Remodeled eat-in-kitc",2016,9,0,0,0,0,0,0,0,0,0,0,0,0,1,0,0,0,1,1,0,0,0,0,0,0,0,1,0,0,0,0,0,0,0,0,1,0,0,0
16162696,CLAW,2016-09-15 00:00:00,"9378 Wilshire Boulevard, Suite 200",499000.00,"Located in the S Echo Park / Westlake neighborhood, this double lot offers the opportunity to raise 40 residential units over 2 levels of daylight subterranean, with access off both Colton and Douglas",2016,9,0,0,0,0,0,0,0,0,0,0,0,0,1,0,0,0,1,0,0,0,0,1,0,0,0,0,0,0,0,0,1,0,0,0,0,0,0,0
16162826,CLAW,2016-09-15 00:00:00,1333 Montana Ave,2300.00,"Oceanfront vistas await at The Spanish Estate, an incomparable residential retreat perched on a private bluff top in Malibu's exclusive Marisol community. Masterfully designed by award-winning archite",2016,9,0,0,0,0,0,0,0,0,0,0,0,0,0,0,0,0,1,0,0,0,0,0,1,0,0,0,0,0,0,0,0,0,0,1,0,0,0,0
16163034,CLAW,2016-09-15 00:00:00,1333 Montana Ave,4695000.00,"A harmonious union between architecture and nature, this Spanish Villa is set on a half-acre of beautiful land in the desirable Palisades. Originally built in 1923, the home remains true to its Spanis",2016,9,0,0,0,0,0,0,0,0,0,0,0,0,1,0,0,0,1,1,0,0,0,0,0,1,0,0,0,0,0,0,0,0,0,0,1,0,0,0
16162424,CLAW,2016-09-14 00:00:00,"11726 San Vicente Blvd, Suite 350",5750.00,"Classic Mediterranean Spanish home designed by J. Charles. Built in 1998 on a 50x152 lot with a guest room above garage. Perfect floor plan- appx 4600sqft with step down living rm, high beamed ceiling",2016,9,0,0,0,0,0,0,0,0,0,0,0,0,1,0,0,0,1,1,0,0,0,0,0,1,0,0,0,0,0,0,0,0,0,1,0,0,0,0
16161388,CLAW,2016-09-14 00:00:00,594 E. Colorado Boulevard,2588000.00,"Unit #1 is ""Pending"". Just one ocean view townhouse remains available for sale! Coastal contemporary brand new construction- a true labor of love! Direct ocean views from this sleek architectural 3 be",2016,9,0,0,0,0,0,0,0,0,0,0,0,0,1,0,0,0,1,1,0,0,0,0,0,1,0,0,0,0,0,0,0,0,0,0,0,1,0,0
16162540,CLAW,2016-09-14 00:00:00,1333 Montana Ave,3488000.00,"Meticulously remodeled Carbon Beach jewel. This 3 bedroom, 2 bath home with gated entry and beautiful courtyard leads you to the best location on the beach! Relax and unwind in your private hot tub on",2016,9,0,0,0,0,0,0,0,0,0,0,0,0,1,0,0,0,1,1,0,0,0,1,0,0,0,0,0,0,0,0,0,0,1,0,0,0,0,0
16162570,CLAW,2016-09-14 00:00:00,1333 Montana Ave,2895000.00,Welcome to WEHO! West Hollywood HARD TO FIND pet friendly 2bd/1bath + bungalow. This very bright and charming bungalow is the main house of a detached duplex. Enjoy the serine front yard with privacy ,2016,9,0,0,0,0,0,0,0,0,0,0,0,0,1,0,0,0,1,0,0,0,0,1,0,0,0,0,0,0,0,0,0,0,1,0,0,0,0,0
16161068,CLAW,2016-09-10 00:00:00,"11726 San Vicente Blvd, Suite 350",7900.00,This impressive modern construction sets the standard in this highly desirable Westwood location. Ideally located in close proximity to the best of what the Westside has to offer. 5 bd 5.5 ba & an ope,2016,9,0,0,0,0,0,0,0,0,0,0,0,0,0,0,0,0,1,1,0,0,0,0,0,1,0,0,0,0,0,0,0,0,0,1,0,0,0,0
316008538,ITECH,2016-09-09 00:00:00,"9378 Wilshire Boulevard, Suite 200",1349000.00,"Charming traditional home on a nice tree lined street in Sunland. Built in 1953, this 3 bedroom 2 bathroom home has been well maintained and has many recent upgrades including wide plank hardwood floo",2016,9,0,0,1,0,0,0,0,0,0,0,0,0,0,0,0,0,1,1,0,0,0,0,1,0,0,0,0,0,0,0,0,0,1,0,0,0,0,0
16160058,CLAW,2016-09-09 00:00:00,"11726 San Vicente Blvd, Suite 350",2895000.00,"4 bedroom + 3.5 bathrooms, 3162 sqft home with pool on a 12,219 sqft lot. Cul-de-sac location, convenient to Sunset Strip, Hollywood and West Hollywood. Spacious Modern Spanish home with city views an",2016,9,0,0,0,0,0,0,0,0,0,0,0,0,1,0,0,0,1,0,0,0,0,0,0,0,0,1,0,0,0,0,0,0,0,1,0,0,0,0
16161032,CLAW,2016-09-09 00:00:00,"23410 Civic Center Way, C1",450000.00,"Located on a peaceful cul-de-sac in the lovely equestrian community of Shadow Hills, this extensively updated modern ranch home is the perfect turnkey opportunity. Upon entering this home, you are gre",2016,9,0,0,0,0,0,0,0,0,0,0,0,0,0,0,1,0,0,0,0,0,0,0,0,0,0,0,0,0,0,1,0,0,0,0,0,0,0,0
16160314,CLAW,2016-09-08 00:00:00,"9378 Wilshire Boulevard, Suite 200",5498000.00,"Extraordinary view home located in the award-winning South Pasadena School district. Located minutes to Downtown LA, USC and Caltech. This home showcases stunning views of downtown, mountains & trees.",2016,9,0,0,0,0,0,0,0,0,0,0,0,0,1,0,0,0,1,0,1,0,0,0,0,0,0,1,0,0,0,0,0,0,0,0,1,0,0,0
16159808,CLAW,2016-09-08 00:00:00,"11726 San Vicente Blvd, Suite 350",3995000.00,"This upslope lot in the desirable La Costa area of Malibu is located less than a minute off of PCH and is in close proximity to shopping, schools, and Santa Monica. Enjoy panoramic ocean and whitewate",2016,9,0,0,0,0,0,0,0,0,0,0,0,0,1,0,0,0,1,1,0,0,0,0,0,1,0,0,0,0,0,0,0,0,0,0,1,0,0,0
316007560,ITECH,2016-09-06 00:00:00,"9378 Wilshire Boulevard, Suite 200",1088000.00,"Architectural excellence and modern finishes combine seamlessly in this luxurious single level rear unit. Built in 2007, the complex boasts idyllic qualities like lush foliage and curved paver-lined p",2016,9,0,0,0,0,0,0,0,0,0,0,0,0,1,0,0,0,1,0,0,0,0,0,1,0,0,0,0,0,0,0,0,0,1,0,0,0,0,0
16158556,CLAW,2016-09-06 00:00:00,1730 Ocean Park Blvd,1299000.00,"New Construction in the heart of Brentwood. This ""East Coast Beach Cottage"" influenced 5 bedroom, 5 bath home has a flexible open floorplan and works well for daily living and entertaining. The formal",2016,9,0,0,0,0,0,0,0,0,1,0,0,0,0,0,0,0,1,0,0,0,0,0,0,1,0,0,0,0,0,0,0,0,1,0,0,0,0,0
316008372,ITECH,2016-09-06 00:00:00,"9378 Wilshire Boulevard, Suite 200",1790000.00,"Welcome to 4842 Alminar Ave., considered a prime location for many in La Canada! Alminar is a quaint tree lined street not far from schools, shopping and restaurants. This cozy and charming 3 bedroom,",2016,9,0,0,0,0,0,0,0,0,0,0,1,0,0,0,0,0,1,0,0,0,0,0,0,0,0,1,0,0,0,0,0,0,0,0,0,1,0,0
16159656,CLAW,2016-09-06 00:00:00,"11726 San Vicente Blvd, Suite 350",2400000.00,"Thoughtfully placed on an idyllic Brentwood cul-de-sac, this newly constructed California Modern was beautifully conceived by Marmol Radziner to blend effortlessly into the hillside topography by way ",2016,9,0,0,0,0,1,0,0,0,0,0,0,0,0,0,0,0,1,0,0,0,0,0,0,0,0,1,0,0,0,0,0,0,0,0,0,0,1,0
316006757,ITECH,2016-09-02 00:00:00,"9378 Wilshire Boulevard, Suite 200",1898000.00,"Designed by noted Architect, Steven Hill, this stunning example of contemporary modernism is bound to impress you. Perched on an expansive ridge in Silverlake Heights, this 2,100 Sf contemporary home ",2016,9,0,0,0,0,0,0,0,0,0,0,0,0,0,0,0,0,1,1,0,0,0,1,0,0,0,0,0,0,0,0,0,0,0,0,1,0,0,0
16158874,CLAW,2016-09-02 00:00:00,"11726 San Vicente Blvd, Suite 350",720000.00,"An architectural wonder designed by renowned architect David Kellen, a student of Frank Israel and colleague of Frank Gehry, this neo-modern ranch is perched atop the rolling hills of Pacific Palisade",2016,9,0,0,0,0,0,0,0,0,0,0,0,0,1,0,0,0,1,0,0,0,0,0,1,0,0,0,0,0,0,0,0,1,0,0,0,0,0,0
16157766,CLAW,2016-09-02 00:00:00,"11726 San Vicente Blvd, Suite 350",10620000.00,"Tropical Traditional on the Famed Mar Vista Wood Streets. A gated, grassy front yard welcomes you to 3 bed 2.5 bath home with a large office. Enjoy an updated kitchen with an oversized granite peninsu",2016,9,0,0,0,0,0,0,0,0,0,0,0,0,1,0,0,0,1,1,0,0,0,0,0,0,0,0,0,0,1,0,0,0,0,0,0,0,0,1
16158240,CLAW,2016-08-31 00:00:00,"23410 Civic Center Way, C1",3169000.00,"Located on one of Bel Air's most coveted streets, this superb property provides an escape from city life to a sanctuary of treetop vistas and glorious views of the Getty Museum and Catalina Island on ",2016,8,0,0,0,0,0,0,0,0,0,0,0,0,0,0,0,0,1,0,0,0,0,0,1,0,0,0,0,0,0,0,0,0,0,1,0,0,0,0
16157850,CLAW,2016-08-30 00:00:00,"23410 Civic Center Way, C1",2995000.00,"Prime Wilshire corridor location! Secure building with a 24 hr. doorman. Light and bright luxury unit, the best bargain on the Wilshire corridor. 2 bdrm/ 2 bath updated condo with plantation shutters ",2016,8,0,0,0,0,0,0,0,0,0,0,0,0,1,0,0,0,1,0,0,0,0,0,1,0,0,0,0,0,0,0,0,0,0,0,1,0,0,0
16154856,CLAW,2016-08-30 00:00:00,"23410 Civic Center Way, C1",10500.00,"Gorgeous home with view of Calabasas golf course, Located in the sought after Las Virgenes School District. Nice and bright with an impressive entryway with skylights that opens into the living room o",2016,8,0,0,0,0,0,0,0,0,0,0,0,0,0,0,0,0,1,0,0,0,0,0,1,0,0,0,0,0,0,0,0,0,0,1,0,0,0,0
16157428,CLAW,2016-08-29 00:00:00,"23410 Civic Center Way, C1",20000000.00,"Modern Ranch Beach Bungalow in idyllic Sycamore Park. Just steps from Escondido Beach, this light, airy, open home features vaulted whitewashed ceilings, hardwood floors, elegant lines & sophisticated",2016,8,0,0,0,0,0,1,0,0,0,0,0,0,0,0,0,0,1,0,0,1,0,0,0,0,0,1,0,0,0,0,0,0,0,0,0,0,1,0
16156574,CLAW,2016-08-26 00:00:00,1333 Montana Ave,1450000.00,Shadow Mountain is an enclave of 46 wonderful estates that enjoy 24 hour live-gated security just minutes from all that Pacific Palisades has to offer. This spectacular property was conceived and cust,2016,8,0,0,0,0,0,0,0,0,0,0,0,0,1,0,0,0,1,0,0,0,0,0,1,0,0,0,0,0,0,0,0,0,1,0,0,0,0,0
16157052,CLAW,2016-08-26 00:00:00,"9378 Wilshire Boulevard, Suite 200",975000.00,"68 yrs ago the owners picked this spot overlooking the now famous Billionaires' Beach in Malibu. This pastoral sanctuary, approx. 2.8 acres, has panoramic Ocean Views from Santa Monica's shoreline to ",2016,8,0,0,0,0,0,0,0,0,0,0,0,0,1,0,0,0,1,1,0,0,0,0,1,0,0,0,0,0,0,0,0,0,1,0,0,0,0,0
316007976,ITECH,2016-08-24 00:00:00,964 Foothill Boulevard,850000.00,"Situated in the vibrant downtown LA South Park area is this live/work light-filled one bedroom gem. It features open floor plan, modern built-in appliances, European cabinets, enclosed bedroom, ample ",2016,8,0,0,0,0,0,0,0,0,0,0,0,0,0,0,0,0,1,0,0,0,0,0,1,0,0,0,0,0,0,0,0,0,1,0,0,0,0,0
16154748,CLAW,2016-08-22 00:00:00,"9378 Wilshire Boulevard, Suite 200",12800000.00,"Located in one of Malibu's most desirable beachside neighborhoods, Malibu Park, this modern single-story home is styled with tranquil, Zen elements throughout. Close proximity to Zuma Beach, schools, ",2016,8,0,0,0,0,0,0,0,0,0,0,0,0,1,0,0,0,1,1,0,0,0,0,0,0,1,0,0,0,0,0,0,0,0,0,1,0,0,0
16155556,CLAW,2016-08-22 00:00:00,"9378 Wilshire Boulevard, Suite 200",1719500.00,"AMAZING OPPORTUNITY IN VENICE! Charming beach cottage with 3 bedrooms and one bathroom in main house. Hardwood floors, light and bright, spacious bathroom and laundry inside. Legal back studio with st",2016,8,0,0,0,0,0,0,0,0,0,0,0,0,1,0,0,0,1,0,0,0,0,0,0,1,0,0,0,0,0,0,0,0,0,1,0,0,0,0
16155592,CLAW,2016-08-22 00:00:00,1333 Montana Ave,5700.00,"Perched atop the coveted Huntington area of the Pacific Palisades, this oceanside manor is nothing short of presidential - a rare composition of remarkable stonework flush with ivy and backlit by the ",2016,8,0,0,0,0,0,0,0,0,0,0,0,0,1,0,0,0,1,0,0,0,0,0,1,0,0,0,0,0,0,0,0,0,1,0,0,0,0,0
316007842,ITECH,2016-08-19 00:00:00,964 Foothill Boulevard,799000.00,"Beautiful remodeled single family residence at the end of a cul-de-sac. The stunning large kitchen is truly a show stopper with dark custom cabinets including a wine rack, stone counter tops, recessed",2016,8,0,0,0,0,0,0,0,1,0,0,0,0,0,0,0,0,1,0,0,0,0,0,1,0,0,0,0,0,0,0,0,0,0,0,1,0,0,0
16154966,CLAW,2016-08-19 00:00:00,"23410 Civic Center Way, C1",2288000.00,"Stunning Contemporary in Beverly Glen. Centrally located near Bel Air, Beverly Hills, Westwood, and Century City. The home has been tastefully updated with top quality finishes. Features hardwood floo",2016,8,0,0,0,0,0,0,0,0,0,0,0,0,1,0,0,0,1,0,0,0,0,0,1,0,0,0,0,0,0,0,0,0,1,0,0,0,0,0
316007701,ITECH,2016-08-15 11:31:13,"9378 Wilshire Boulevard, Suite 200",879000.00,"This timeless contemporary Craftsman residence in La Canada, built by C.H. Anderson, was once a grove of deodar pines, transformed into a property fit for entertaining and movement. Renowned architect",2016,8,0,0,0,0,0,0,0,0,1,0,0,0,0,0,0,0,1,0,0,0,0,1,0,0,0,0,0,0,0,0,0,0,1,0,0,0,0,0
16153228,CLAW,2016-08-15 00:00:00,"9378 Wilshire Boulevard, Suite 200",650000.00,"Modern Ranch Beach Bungalow in Sycamore Park. Located in idyllic Sycamore Park, steps from Escondido Beach, this light, airy, open home features vaulted whitewashed ceilings, hardwood floors, elegant ",2016,8,0,0,0,1,0,0,0,0,0,0,0,0,0,0,0,0,1,0,0,0,0,0,1,0,0,0,0,0,0,0,1,0,0,0,0,0,0,0
16151208,CLAW,2016-08-11 00:00:00,"9378 Wilshire Boulevard, Suite 200",3495000.00,"Hollywood Versailles Towers at it's best! Come see this hip, designer perfect condo in the fabulous, full-service building on Hollywood Boulevard! Bring your toothbrush and move in! This condo has a f",2016,8,0,0,0,0,0,0,0,0,0,0,1,0,0,0,0,0,1,1,0,0,0,0,0,0,1,0,0,0,0,0,0,0,0,0,0,0,1,0
16151674,CLAW,2016-08-10 00:00:00,"23410 Civic Center Way, C1",3500.00,"Just 35 miles outside of Los Angeles, Agua Dulce Winery is a breathtaking 90-acre property affording oenophiles the rarity of owning a countryside estate featuring a spacious 5-bedroom residence and t",2016,8,0,0,0,0,0,0,0,0,0,0,0,0,1,0,0,0,1,0,0,0,0,1,0,0,0,0,0,0,0,0,1,0,0,0,0,0,0,0
16150280,CLAW,2016-08-09 00:00:00,"23410 Civic Center Way, C1",5540000.00,"Spectacular Contemporary with dramatic and architectural details. Exquisitely updated with fine attention to detail. Ocean view from most rooms, yard and decks. Gorgeous living/media room with bar are",2016,8,0,0,0,0,0,0,0,0,0,0,0,0,0,0,0,0,1,0,0,0,0,0,0,0,1,0,0,0,0,0,0,0,0,0,0,1,0,0
16150318,CLAW,2016-08-05 00:00:00,"23410 Civic Center Way, C1",20000.00,"Designed by noted architect Gus Duffy and situated on approx 3/4's of an acre, this resort like estate defines the meaning of ""compound"". The Casa: Is a single story 4+3.5 home, beautiful in rich wood",2016,8,0,0,0,0,0,0,0,0,1,0,0,0,0,0,0,0,1,1,0,0,0,0,0,1,0,0,0,0,0,0,0,0,1,0,0,0,0,0
16150758,CLAW,2016-08-05 00:00:00,"9378 Wilshire Boulevard, Suite 200",10815.00,"This charming, fully furnished 1 bedroom, 1 bath cottage sits on the grounds originally developed in the 1930's known as The Malibu Lodge. Truly a special property, across the street from Las Tunas St",2016,8,0,0,0,0,0,0,0,0,0,0,0,0,1,0,0,0,1,1,0,0,0,0,0,1,0,0,0,0,0,0,0,0,0,1,0,0,0,0
16150042,CLAW,2016-08-05 00:00:00,"23410 Civic Center Way, C1",1900000.00,"This sleek and sexy beach house is located on a private guard-gated lane in the center of Malibu. Upon entry, the home immediately introduces you to the Pacific Ocean with a two story entry, walls of ",2016,8,0,0,0,1,0,0,0,0,0,0,0,0,0,0,0,0,1,1,0,0,0,1,0,0,0,0,0,0,0,0,0,0,1,0,0,0,0,0
316007323,ITECH,2016-08-03 00:00:00,"9378 Wilshire Boulevard, Suite 200",1450000.00,"Charming townhouse style condo. Spacious, beautifully maintained light filled two bedroom two bath unit with hardwood floors, fireplace, two balconies, in unit washer/dryer and private two car garage.",2016,8,0,0,1,0,0,0,0,0,0,0,0,0,0,0,0,0,1,0,0,0,0,0,0,1,0,0,0,0,0,0,0,0,0,1,0,0,0,0
316007195,ITECH,2016-07-29 00:00:00,964 Foothill Boulevard,1848000.00,"Charming hilltop home! Built in 1941, this 3 bedroom 2 bathroom traditional 2 level home has been meticulously maintained by the current owners for the past 25 years and is described as having good bo",2016,7,0,0,0,0,0,0,0,0,0,0,0,0,0,0,0,0,1,0,0,0,0,0,0,1,0,0,0,0,0,0,0,0,0,1,0,0,0,0
16148546,CLAW,2016-07-29 00:00:00,"23410 Civic Center Way, C1",2688000.00,Beautiful architectural home with stunning 180 degree views from downtown to the ocean. This 6 bedroom 4.5 bath is tucked behind the highly desirable gates of the exclusive Laughlin Park Community. Th,2016,7,0,0,0,0,0,0,0,0,0,0,0,0,1,0,0,0,1,0,0,0,0,0,0,0,0,1,0,0,0,0,0,0,0,0,0,1,0,0
16146576,CLAW,2016-07-22 00:00:00,594 E. Colorado Boulevard,336900.00,"Perched atop a secluded promontory, this inspired contemporary compound is located within the exclusive gated community of Medea Valley Estates, optimally positioned between Malibu and Agoura Hills. O",2016,7,0,0,0,0,0,0,0,0,0,0,0,0,0,0,0,0,1,0,0,0,0,1,0,0,0,0,0,0,0,0,0,1,0,0,0,0,0,0
16146358,CLAW,2016-07-22 00:00:00,594 E. Colorado Boulevard,468300.00,"Amazing investor opportunity in hot, hot Highland Park. This is a Probate sale that requires court confirmation. Cash buyers only. Executor asks that you do not walk on property. No open houses, no sh",2016,7,0,0,0,0,0,0,0,0,0,0,0,0,0,0,0,0,1,0,0,0,0,1,0,0,0,0,0,0,0,0,0,1,0,0,0,0,0,0
16142204,CLAW,2016-07-21 00:00:00,"9378 Wilshire Boulevard, Suite 200",1399000.00,"MOTIVATED SELLER! BRING US AN OFFER!! Perfectly situated between the Wilshire Country Club and the Los Angeles Tennis Club, come see this charming Spanish 3-bedroom house with central air and incredib",2016,7,0,0,1,0,0,0,0,0,0,0,0,0,0,0,0,0,1,0,0,0,0,1,0,0,0,0,0,0,0,0,0,0,1,0,0,0,0,0
16145020,CLAW,2016-07-21 00:00:00,"11726 San Vicente Blvd, Suite 350",10500000.00,"Incredible opportunity to own this classic French Revival sitting on over 11,000 square feet of beach front land right in the middle of Santa Monica's famed Gold Coast. With 59 feet of beachfront, it ",2016,7,0,0,0,0,0,0,0,0,0,0,0,0,0,0,0,0,1,0,0,0,0,0,0,0,0,0,0,1,0,0,0,0,0,0,0,0,1,0
16144050,CLAW,2016-07-18 00:00:00,"9378 Wilshire Boulevard, Suite 200",5495000.00,"CENT'ANNI Estate is an alluring 20 acre property amidst the picturesque countryside of Santa Ynez in the secluded, idyllic setting of Los Olivos. This is a once in a lifetime opportunity to acquire a ",2016,7,0,0,0,0,0,0,0,0,0,0,0,0,1,0,0,0,1,0,0,0,0,0,0,1,0,0,0,0,0,0,0,0,0,0,0,1,0,0
316006132,ITECH,2016-07-15 00:00:00,"9378 Wilshire Boulevard, Suite 200",1988000.00,"Peace, calm and quiet in the hills of La Crescenta, this Traditional-Contemporary home offers what you've been waiting for. Within the last two years this three bedroom,/two bathroom home has been ext",2016,7,0,0,0,0,0,0,0,0,0,0,0,0,1,0,0,0,1,0,0,0,0,0,0,0,1,0,0,0,0,0,0,0,0,0,0,1,0,0
16133142,CLAW,2016-07-15 00:00:00,"9378 Wilshire Boulevard, Suite 200",1699000.00,"Tranquility awaits at this 1935 Traditional hillside retreat in the coveted Los Feliz Oaks. Tucked away in a quiet cul-de-sac, this home boasts a dramatic living room with beamed ceilings, a decorativ",2016,7,0,0,0,0,0,0,0,0,0,0,0,0,1,0,0,0,1,1,0,0,0,0,1,0,0,0,0,0,0,0,0,0,1,0,0,0,0,0
16142180,CLAW,2016-07-11 00:00:00,"11726 San Vicente Blvd, Suite 350",20000000.00,"An hour outside of Los Angles with country and ocean views of Ojai sits Flying D Ranch. The ultimate ranch - surrounded by a seasonal creek and expansive terrain. Consisting of 1,281 acres and 7 parce",2016,7,0,1,0,0,0,0,0,0,0,0,0,0,0,0,0,0,1,1,0,0,0,0,1,0,0,0,0,0,0,0,0,0,1,0,0,0,0,0
16136820,CLAW,2016-07-06 00:00:00,"23410 Civic Center Way, C1",17500000.00,"NEWLY PRICED TO SELL! Iconic Malibu living abounds in this architectural oasis atop a generous 4.25 acres within the exclusive Serra Retreat. Recently updated by a celebrated designer, the home offers",2016,7,0,0,0,0,0,0,0,0,0,0,0,0,1,0,0,0,1,0,1,0,0,0,0,0,0,1,0,0,0,0,0,0,0,0,1,0,0,0
16141262,CLAW,2016-07-06 00:00:00,"9378 Wilshire Boulevard, Suite 200",34999.00,"Designed by renowned architect Walter Scott Perry in the classic modern Bauhaus tradition, this newly remodeled, 5 bedroom & 6 bathroom contemporary home is sited on a serene, half-acre knoll in Bel A",2016,7,0,0,0,0,0,0,0,0,0,0,0,0,1,0,0,0,1,1,0,0,0,0,0,0,0,1,0,0,0,0,0,0,0,0,1,0,0,0
316006255,ITECH,2016-07-04 00:00:00,964 Foothill Boulevard,2488000.00,House Re-Imagined! It is incredible what can be done for $50K. Come and see the transformation. Canopies of Oaks shelter this one-of-a-kind Rustic Craftsman residence that rests on the banks of Eaton ,2016,7,0,0,0,0,0,0,0,0,0,0,0,0,0,0,0,0,1,1,0,0,0,0,0,0,0,0,1,0,0,0,0,0,0,0,0,1,0,0
16137086,CLAW,2016-06-24 00:00:00,"23410 Civic Center Way, C1",3195000.00,This beautiful 4 bedroom/4.5 bath is situated on approximately 1 acre with phenomenal mountain views in a tranquil setting and located in a gated community. The home offers a gourmet kitchen with gran,2016,6,0,0,0,0,0,0,0,0,0,0,0,0,1,0,0,0,1,1,0,0,0,0,0,0,1,0,0,0,0,0,0,0,0,1,0,0,0,0
16137056,CLAW,2016-06-22 00:00:00,"11726 San Vicente Blvd, Suite 350",2035000.00,"Location,location,location. Located on one of BH's premier streets San Ysidro, this home is waiting for its next homeowner to put their magical touch on it. This home has 2 beds and 2 baths with an op",2016,6,0,0,0,0,0,0,0,0,1,0,0,0,0,0,0,0,1,0,0,0,0,0,1,0,0,0,0,0,0,0,0,1,0,0,0,0,0,0
316005809,ITECH,2016-06-22 00:00:00,"9378 Wilshire Boulevard, Suite 200",919000.00,"Quaint Sierra Madre Traditional corner lot home on cul-de-sac street. Wonderful open and bright floor plan with 3 bedrooms, 2 bathrooms, and spacious family room that opens to the back yard. This home",2016,6,0,0,0,0,0,0,0,0,0,0,0,0,0,0,0,0,1,0,0,0,0,0,1,0,0,0,0,0,0,0,0,0,0,1,0,0,0,0
316005875,ITECH,2016-06-22 00:00:00,"9378 Wilshire Boulevard, Suite 200",2700000.00,"Beautifully remodeled five bedroom, three bath home located south of the Blvd. This home exemplifies an ideal open floorplan, soaring ceilings & an abundance of natural light. Features include a cooks",2016,6,0,0,0,0,0,0,0,1,0,0,0,0,0,0,0,0,1,1,0,0,0,0,0,1,0,0,0,0,0,0,0,0,0,1,0,0,0,0
16134906,CLAW,2016-06-16 00:00:00,"11726 San Vicente Blvd, Suite 350",1749000.00,"Location, location, location! Charming Mediterranean style home in the highly desirable Santa Monica Canyon. This home is customized throughout with a gourmet cooks kitchen with imported Italian grani",2016,6,0,0,0,0,0,0,0,0,0,0,1,0,0,0,0,0,1,0,0,0,0,0,1,0,0,0,0,0,0,0,0,1,0,0,0,0,0,0
16135516,CLAW,2016-06-16 00:00:00,"9378 Wilshire Boulevard, Suite 200",2195000.00,"Perched above a cul-de-sac in the Hollywood Hills, this Dramatic newly constructed home is of the highest quality. Steel, concrete and glass with a clean modern aesthetic and a bright inviting atmosph",2016,6,0,0,0,0,0,0,0,0,0,0,0,0,1,0,0,0,1,0,0,0,0,0,0,1,0,0,0,0,0,0,0,0,1,0,0,0,0,0
16134756,CLAW,2016-06-14 00:00:00,"9378 Wilshire Boulevard, Suite 200",1298000.00,"RESIDENTIAL DEVELOPMENT SITE: Consisting of 10 vacant lots on approx: 32 acres, with several BIG FLAT PADS and SWEEPING VALLEY VIEWS of San Fernando Valley, Warner Center and the Mountains. Reports ar",2016,6,0,0,0,0,0,0,0,0,0,0,0,0,0,0,1,0,0,0,0,0,0,0,0,0,0,0,0,0,0,1,0,0,0,0,0,0,0,0
16134704,CLAW,2016-06-14 00:00:00,"9378 Wilshire Boulevard, Suite 200",1298000.00,"COMPOUND OPPORTUNITY HIDDEN IN PLAIN SIGHT.10 contiguous VACANT LOTS ONLY, (there is NO house) currently on this property totaling approx: 2.5 acres which includes an APPROX: 18,000 SF flat pad. Once ",2016,6,0,0,0,0,0,0,0,0,0,0,0,0,0,0,1,0,0,0,0,0,0,0,0,0,0,0,0,0,0,1,0,0,0,0,0,0,0,0
16134056,CLAW,2016-06-11 00:00:00,"9378 Wilshire Boulevard, Suite 200",1498000.00,"High up in the Hollywood Hills, are 6 contiguous flat lots with Double Sided views, totaling approx: 17,400 SF. All 6 lots have superb views of both the City of Los Angeles AND Trousdale Estates. APN ",2016,6,0,0,0,0,0,0,0,0,0,0,0,0,0,0,1,0,0,0,0,0,0,0,0,0,0,0,0,0,0,1,0,0,0,0,0,0,0,0
16132158,CLAW,2016-06-06 00:00:00,"23410 Civic Center Way, C1",27500.00,Rare 98ft Ocean Front Classic Beauty reminiscent of glamorous days from a bygone era. Magnanimous rms paneled & floored w/ rain forest woods ooze casual elegance ala the Titanic. From the street you'l,2016,6,0,0,0,0,0,0,0,0,0,0,0,0,1,0,0,0,1,0,0,0,0,0,0,0,0,1,0,0,0,0,0,0,1,0,0,0,0,0
16132084,CLAW,2016-06-05 00:00:00,"9378 Wilshire Boulevard, Suite 200",2888000.00,This approx: 59 ACRE DEVELOPMENT SITE consists of SIX vacant lots. These lots sit on the back and the front side of a hill with a fire road running across the top part of the hill. The largest lot whi,2016,6,0,0,0,0,0,0,0,0,0,0,0,0,0,0,1,0,0,0,0,0,0,0,0,0,0,0,0,0,0,1,0,0,0,0,0,0,0,0
16130744,CLAW,2016-06-02 00:00:00,"23410 Civic Center Way, C1",2450000.00,Build your Malibu dream home! Flat lot on almost one-half acre with pristine ocean views on the ocean side of PCH. Gated and private building site including deeded beach rights to one of the most beau,2016,6,0,0,0,0,0,0,0,0,0,0,0,0,0,0,1,0,0,0,0,0,0,0,0,0,0,0,0,0,0,1,0,0,0,0,0,0,0,0
16129206,CLAW,2016-05-26 00:00:00,"9378 Wilshire Boulevard, Suite 200",5975.00,"Nestled in the heart of the Santa Monica Mountains, this serene setting invites you to hike, climb, or horseback ride throughout the day, then relax to the sounds of nature narrating the clear stellar",2016,5,0,0,0,0,0,0,0,0,0,0,0,0,0,0,0,0,1,0,0,0,0,0,1,0,0,0,0,0,0,0,0,0,0,1,0,0,0,0
16125100,CLAW,2016-05-16 00:00:00,"23410 Civic Center Way, C1",150000.00,"Unlike any other luxury opportunity, this beautiful Malibu compound offers a flat acre w/ over 120' of beach frontage; a lot depth extending 400'! A gated entrance, simple yet dignified, opens to a 2-",2016,5,0,0,0,0,0,0,0,0,0,0,0,0,1,0,0,0,1,1,0,0,0,0,0,0,0,0,0,1,0,0,0,0,0,0,0,1,0,0
16122648,CLAW,2016-05-06 00:00:00,"23410 Civic Center Way, C1",6649000.00,A prime flat ~1.5 acre lot w/ a unique use of modern finishes & innovative design by Vitus Matare. This private gated single story marvel is adorned w/ mature trees ranging from avocados to evergreens,2016,5,0,0,0,0,0,0,0,0,0,0,0,0,0,0,0,0,1,1,0,0,0,0,0,1,0,0,0,0,0,0,0,0,1,0,0,0,0,0
316004149,ITECH,2016-05-05 00:00:00,964 Foothill Boulevard,6495000.00,"Located in the prestigious Linda Vista neighborhood of Pasadena, this adorable home welcomes you with a beautifully landscaped front yard and charming porch. Cozy living room with fireplace, wood beam",2016,5,0,0,0,0,0,0,0,0,0,0,0,0,1,0,0,0,1,0,0,1,0,0,0,1,0,0,0,0,0,0,0,0,0,0,0,1,0,0
16118008,CLAW,2016-04-25 00:00:00,"23410 Civic Center Way, C1",6995000.00,"Beautiful estate with panoramic ocean views located in the gated community of Ramirez Canyon. This 5 bed, 5 bath features an open floor plan with natural light and stunning ocean & mountain views thro",2016,4,0,0,0,0,0,0,0,0,0,0,0,0,1,0,0,0,1,0,0,0,0,0,0,0,1,0,0,0,0,0,0,0,0,0,1,0,0,0
16115640,CLAW,2016-04-14 00:00:00,"9378 Wilshire Boulevard, Suite 200",798000.00,"NEW PROJECT - SHOVEL READY. *NOTE* This project has Ready To Issue (RTI) PERMITS because the Design Review Board has approved this development, for the Mulholland Scenic Parkway Corridor, in addition ",2016,4,0,0,0,0,0,0,0,0,0,0,0,0,0,0,1,0,0,0,0,0,0,0,0,0,0,0,0,0,0,1,0,0,0,0,0,0,0,0
16115130,CLAW,2016-04-13 00:00:00,"11726 San Vicente Blvd, Suite 350",5499.00,"Beautiful traditional Spanish in the heart of Westwood! Charming original details include high, vaulted ceilings in living room, cozy wood-burning fireplace, arched doorways, shelving alcoves, painted",2016,4,0,0,0,0,0,0,0,0,0,0,0,0,0,0,0,0,1,0,0,0,0,0,1,0,0,0,0,0,0,0,0,0,1,0,0,0,0,0
16114818,CLAW,2016-04-12 00:00:00,"9378 Wilshire Boulevard, Suite 200",5800000.00,"Welcome to an oasis over looking the Pacific Ocean, where crashing waves and vivid sunsets create the quintessential Beach living environment. The controlled access exterior entry sets the tone for th",2016,4,0,0,0,0,0,0,0,0,0,0,0,0,1,0,0,0,1,0,0,0,0,0,0,1,0,0,0,0,0,0,0,0,1,0,0,0,0,0
16109128,CLAW,2016-03-25 00:00:00,1730 Ocean Park Blvd,6500.00,"his designer, custom architectural remodel on the charming Breeze walk-street is the epitome of luxurious and efficient living. Walls of warm reclaimed wood line the architectural interior, while expa",2016,3,0,0,0,0,0,0,0,0,0,0,0,1,0,0,0,0,1,1,0,0,0,1,0,0,0,0,0,0,0,0,0,1,0,0,0,0,0,0
16106762,CLAW,2016-03-16 00:00:00,"23410 Civic Center Way, C1",25000.00,Gorgeous oceanfront home with views to Point Dume and direct beach access. This beach house is ideal for entertaining with a kitchen open to a great room and ocean front deck. Possible fourth bedroom ,2016,3,0,0,0,0,0,0,0,0,0,0,0,0,1,0,0,0,1,1,0,0,0,0,0,1,0,0,0,0,0,0,0,0,1,0,0,0,0,0
316000525,ITECH,2016-02-04 00:00:00,964 Foothill Boulevard,4699999.00,"Special two-story Spanish Colonial Revival featuring Andalusian architectural details. Separate single-story wing dedicated to large living room with vaulted ceiling supported by trussed wooden beams,",2016,2,0,0,0,0,0,0,0,0,0,0,0,1,0,0,0,0,1,1,0,0,0,0,0,1,0,0,0,0,0,0,0,0,0,0,0,1,0,0
16970871,CLAW,2016-01-20 00:00:00,"23410 Civic Center Way, C1",45000.00,"The Prairie style architecture of this magnificent home, with its broad eaves, pergola covered porte-cochere and expansive front porch, welcome you home to the tree-shaded parkways and expansive lawns",2016,1,0,0,0,0,0,1,0,0,0,0,0,0,0,0,0,0,1,0,0,0,0,0,0,0,0,0,1,0,0,0,0,0,0,0,1,0,0,0
16970717,CLAW,2016-01-13 00:00:00,"23410 Civic Center Way, C1",599000.00,Incredible opportunity! Absolute Best VALUE above the Blvd with SPECTACULAR VIEWS!! Stunning custom contemporary view home situated on one of the premier streets in Los Feliz. An architectural gem whi,2016,1,0,0,0,0,0,0,0,0,0,0,0,0,0,0,1,0,0,0,0,0,0,0,0,0,0,0,0,0,0,1,0,0,0,0,0,0,0,0
16968013,CLAW,2016-01-07 00:00:00,1333 Montana Ave,2879000.00,"Mid Century 1970's iconic Charles Wong designed South Pasadena home, filled with original character and charm, situated on a corner lot atop of Via del Rey, overlooking Pasadena, the Rose Bowl and a g",2016,1,0,0,0,0,0,0,0,0,0,0,0,0,1,0,0,0,1,1,0,0,0,0,0,0,1,0,0,0,0,0,0,0,0,1,0,0,0,0
